{
	"info": {
		"_postman_id": "c5333549-a175-4f64-b135-a37a2d2a2da8",
		"name": "P4C - MAS SPARKASSE - PBE",
		"schema": "https://schema.getpostman.com/json/collection/v2.1.0/collection.json"
	},
	"item": [
		{
			"name": "Import anagraphic flow01B",
			"event": [
				{
					"listen": "test",
					"script": {
						"exec": [
							"tests[\"Status code is 200\"] = responseCode.code === 200;"
						],
						"type": "text/javascript"
					}
				}
			],
			"request": {
				"method": "POST",
				"header": [
					{
						"key": "Content-Type",
						"value": "application/json",
						"type": "text"
					}
				],
				"body": {
					"mode": "raw",
					"raw": "{\r\n    \"requestHeaders\": {\r\n        \"technicalHeader\": {\r\n            \"applicationId\": null,\r\n            \"correlationId\": \"777777777\",\r\n            \"channel\": null,\r\n            \"ipAddress\": null,\r\n            \"sessionId\": null,\r\n            \"timestamp\": null\r\n        },\r\n        \"authHeader\": {\r\n            \"userId\": null,\r\n            \"username\": null,\r\n            \"roles\": null\r\n        }\r\n    },\r\n    \"responseHeaders\": null,\r\n    \"payload\": {\r\n        \"fileName\": \"MAS.06045.FW01B.20210208.1.GTPOS.XXXXX.TRK\"\r\n    }\r\n}",
					"options": {
						"raw": {
							"language": "json"
						}
					}
				},
				"url": {
					"raw": "http://{{target.host}}:{{target.port}}/mas-orchestrator/api/etl/import/flow01B",
					"protocol": "http",
					"host": [
						"{{target.host}}"
					],
					"port": "{{target.port}}",
					"path": [
						"mas-orchestrator",
						"api",
						"etl",
						"import",
						"flow01B"
					]
				}
			},
			"response": []
		},
		{
			"name": "Export anagraphic flow02B",
			"event": [
				{
					"listen": "test",
					"script": {
						"exec": [
							"tests[\"Status code is 200\"] = responseCode.code === 200;"
						],
						"type": "text/javascript"
					}
				}
			],
			"request": {
				"method": "POST",
				"header": [
					{
						"key": "Content-Type",
						"value": "application/json",
						"type": "text"
					}
				],
				"body": {
					"mode": "raw",
					"raw": "{\r\n    \"requestHeaders\": {\r\n        \"technicalHeader\": {\r\n            \"applicationId\": null,\r\n            \"correlationId\": \"777777777\",\r\n            \"channel\": null,\r\n            \"ipAddress\": null,\r\n            \"sessionId\": null,\r\n            \"timestamp\": null\r\n        },\r\n        \"authHeader\": {\r\n            \"userId\": null,\r\n            \"username\": null,\r\n            \"roles\": null\r\n        }\r\n    },\r\n    \"responseHeaders\": null,\r\n    \"payload\": {\r\n        \"abi\": \"06045\",\r\n        \"fileType\": \"FW02B\",\r\n        \"from\": \"MAS\",\r\n        \"to\": \"PBE\",\r\n        \"circuit\": \"XXXXX\",\r\n        \"params\": {\r\n            \"prevJobId\": \"MAS.06045.FW03B.20210208.11.PBE.XXXXX.TRK\"\r\n        }\r\n    }\r\n}",
					"options": {
						"raw": {
							"language": "json"
						}
					}
				},
				"url": {
					"raw": "http://{{target.host}}:{{target.port}}/mas-orchestrator/api/etl/export/flow02B",
					"protocol": "http",
					"host": [
						"{{target.host}}"
					],
					"port": "{{target.port}}",
					"path": [
						"mas-orchestrator",
						"api",
						"etl",
						"export",
						"flow02B"
					]
				}
			},
			"response": []
		},
		{
			"name": "Import anagraphic flow03B",
			"event": [
				{
					"listen": "test",
					"script": {
						"exec": [
							"tests[\"Status code is 200\"] = responseCode.code === 200;"
						],
						"type": "text/javascript"
					}
				}
			],
			"request": {
				"method": "POST",
				"header": [
					{
						"key": "Content-Type",
						"value": "application/json",
						"type": "text"
					}
				],
				"body": {
					"mode": "raw",
					"raw": "{\r\n    \"requestHeaders\": {\r\n        \"technicalHeader\": {\r\n            \"applicationId\": null,\r\n            \"correlationId\": \"777777777\",\r\n            \"channel\": null,\r\n            \"ipAddress\": null,\r\n            \"sessionId\": null,\r\n            \"timestamp\": null\r\n        },\r\n        \"authHeader\": {\r\n            \"userId\": null,\r\n            \"username\": null,\r\n            \"roles\": null\r\n        }\r\n    },\r\n    \"responseHeaders\": null,\r\n    \"payload\": {\r\n        \"fileName\": \"MAS.06045.FW03B.20210208.11.PBE.XXXXX.TRK\"\r\n    }\r\n}",
					"options": {
						"raw": {
							"language": "json"
						}
					}
				},
				"url": {
					"raw": "http://{{target.host}}:{{target.port}}/mas-orchestrator/api/etl/import/flow03B",
					"protocol": "http",
					"host": [
						"{{target.host}}"
					],
					"port": "{{target.port}}",
					"path": [
						"mas-orchestrator",
						"api",
						"etl",
						"import",
						"flow03B"
					]
				}
			},
			"response": []
		}
	]
}